{
    "story": {
        "meta": {
            "title": "Capra cu 3 iezi",
            "authors": ["Stefan","CelMare"],
            "cover": "images/cover.jpg"
        },
        "categories": [
            {
                "type": "genre",
                "name": "crime"
            },
            {
                "type": "genre",
                "name": "fable"
            }
        ],

        "characters": [
    		{
                "name": "LupulCelrau",
                "description": "sgsgsg",
                "img": "images/lupul.jpg"
            },
            {
                "name": "Iezii",
                "description": "sgsgsg",
                "img": "images/iezii.jpg"
            }
        ],
        "content":{
            "pages": [
                {
                    "subtitle": "Capitol1",
                    "text": "Lorem ipsum dolor sit amet, timeam oporteat duo ad, eum id audiam erroribus. Duo prima laoreet ei, ut has autem malorum. Ius eu prima etiam vocibus, cum dolore sapientem id. In dicit scaevola mel, mea epicurei erroribus instructior te.",
                    "nextList": [
                    	{
	                        "index": 2,
	                        "msg": "moare capra cu 3 iezi"
	                    },
	                    {
	                        "index": 4,
	                        "msg": "moare lupul cel rau"
	                    }
                    ]
                },
                    {
                    "img":  "images/ied3.jpg",
                    "nextList": [
                        {
                            "index": 3,
                            "msg": "Dute la ied1!!"

                        }
                    ]

                },
                  {
                    "subtitle": "Capitol2",
                    "text": "Assum civibus at pri, te rebum persecuti eum, mel cu assentior consetetur disputationi. Detracto assentior eloquentiam ei vel, mea id nemore dolorem. An summo dicit eam, nostrum iracundia at per. Duo choro referrentur no. Ea sed denique conceptam, no eum lorem numquam utroque. His ad erant adolescens. Ornatus interpretaris ne est, facete eirmod te eos."
                 
                },
                {
                    "img":  "images/ied1.jpg",
                    "nextList": [
                        {
	                        "index": 5,
                            "msg": "Dute la ied 2!!!"

	                    }
                    ]

                },
                {
                    "img":  "images/ied2.jpg"
                }
             
            ]
        }
    }
}