{
    "story": {
        "meta": {
            "title": "Alladin",
            "authors": ["Dandanache","Ioan"],
            "cover": "images/cover.jpg"
        },
        "categories": [
            {
                "type": "genre",
                "name": "biography"
            },
            {
                "type": "genre",
                "name": "memoir"
            },
            {
                "type": "genre",
                "name": "horror"
            },
            {
                "type": "genre",
                "name": "legend"
            },
            {
                "type": "genre",
                "name": "poetry"
            },
            {
                "type": "age_group",
                "name": "7+"
            },
            {
                "type": "age_group",
                "name": "12+"
            },
            {
                "type": "age_group",
                "name": "15+"
            }
        ],

        "characters": [
    		{
                "name": "Alladin",
                "description": "Aenean sollicitudin erat at orci pretium finibus",
                "img": "images/Alladin.jpg"
            },
            {
                "name": "TheGenie",
                "description": "Proin interdum sit amet nulla eu semper",
                "img": "images/TheGenie.jpg"
            }
        ],
        "content":{
            "pages": [
                {
                    "subtitle": "Capitol1",
                    "text": "Lorem ipsum dolor sit amet, timeam oporteat duo ad, eum id audiam erroribus. Duo prima laoreet ei, ut has autem malorum. Ius eu prima etiam vocibus, cum dolore sapientem id. In dicit scaevola mel, mea epicurei erroribus instructior te.",
                    "nextList": [
                    	{
	                        "index": 2,
	                        "msg": "Alladin wins"
	                    },
	                    {
	                        "index": 4,
	                        "msg": "Alladin dies"
	                    }
                    ]
                },
                    {
                    "img":  "images/Alladin1.jpg",
                    "nextList": [
                        {
                            "index": 3,
                            "msg": "TheGenie wins!!"

                        }
                    ]

                },
                  {
                    "subtitle": "Capitol2",
                    "text": "Assum civibus at pri, te rebum persecuti eum, mel cu assentior consetetur disputationi. Detracto assentior eloquentiam ei vel, mea id nemore dolorem. An summo dicit eam, nostrum iracundia at per. Duo choro referrentur no. Ea sed denique conceptam, no eum lorem numquam utroque. His ad erant adolescens. Ornatus interpretaris ne est, facete eirmod te eos."
                 
                },
                {
                    "img":  "images/Alladin2.jpg",
                    "nextList": [
                        {
	                        "index": 5,
                            "msg": "TheGenie dies!!!"

	                    }
                    ]

                },
		{
                    "subtitle": "Capitol3",
                    "text": "In laoreet ultricies nulla, aliquet consequat risus auctor quis. In sed orci convallis leo molestie mattis bibendum ut tellus. Suspendisse aliquam enim vitae ullamcorper facilisis. Mauris consectetur id ex at suscipit. Nam auctor lobortis felis, at gravida nulla mattis id."
                 
                },
                {
                    "img":  "images/Alladin3.jpg"
                }
             
            ]
        }
    }
}