{
    "story": {
        "meta": {
            "title": "<div>Test Story2</br></div>",
            "authors": ["Eminescu","Brandusi"],
            "cover": "images/cover.jpg"
        },
        "categories": [
            {
                "type": "genre",
                "name": "drama"
            },
            {
                "type": "genre",
                "name": "crime"
            }
        ],

        "characters": [
    		{
                "name": "Lupu",
                "description": "sgsgsg",
                "img": "images/lupu.jpg"
            },
            {
                "name": "Scufita",
                "description": "sgsgsg",
                "img": "images/scufita.jpg"
            }
        ],
        "content":{
            "pages": [
                {
                    "subtitle": "Capitol1",
                    "text": "Lorem ipsum dolor sit amet, timeam oporteat duo ad, eum id audiam erroribus. Duo prima laoreet ei, ut has autem malorum. Ius eu prima etiam vocibus, cum dolore sapientem id. In dicit scaevola mel, mea epicurei erroribus instructior te.",
                    "nextList": [
                    	{
	                        "index": 2,
	                        "msg": "moare scufita"
	                    },
	                    {
	                        "index": 4,
	                        "msg": "moare lupu"
	                    }
                    ]
                },
                    {
                    "img":  "images/bunicuta.jpg",
                    "nextList": [
                        {
                            "index": 3,
                            "msg": "Dute acasa!!"

                        }
                    ]

                },
                  {
                    "subtitle": "Capitol2",
                    "text": "Assum civibus at pri, te rebum persecuti eum, mel cu assentior consetetur disputationi. Detracto assentior eloquentiam ei vel, mea id nemore dolorem. An summo dicit eam, nostrum iracundia at per. Duo choro referrentur no. Ea sed denique conceptam, no eum lorem numquam utroque. His ad erant adolescens. Ornatus interpretaris ne est, facete eirmod te eos."
                 
                },
                {
                    "img":  "images/scufita.jpg",
                    "nextList": [
                        {
	                        "index": 5,
                            "msg": "Dutee dicaaa!!!"

	                    }
                    ]

                },
                {
                    "img":  "images/lupu.jpg"
                }
             
            ]
        }
    }
}